match_id,commence_time,fighter_1,fighter_2,data_source,win_prob_fighter1,win_prob_fighter2,implied_prob_fighter1,implied_prob_fighter2,total_margin
5b02941bc1425e1bd998c928a827c727,2026-04-18 22:00:00,Allan Nascimento,Mitch Raposo,BetOnline.ag,"1,43","2,95","69,93","33,9","103,83"
5b02941bc1425e1bd998c928a827c727,2026-04-18 22:00:00,Allan Nascimento,Mitch Raposo,1xBet,"1,37","3,06","72,99","32,68","105,67"
5b02941bc1425e1bd998c928a827c727,2026-04-18 22:00:00,Allan Nascimento,Mitch Raposo,Nordic Bet,"1,38","3,0","72,46","33,33","105,79"
5b02941bc1425e1bd998c928a827c727,2026-04-18 22:00:00,Allan Nascimento,Mitch Raposo,Betsson,"1,38","3,0","72,46","33,33","105,79"
5b02941bc1425e1bd998c928a827c727,2026-04-18 22:00:00,Allan Nascimento,Mitch Raposo,Pinnacle,"1,41","3,02","70,92","33,11","104,03"
5b02941bc1425e1bd998c928a827c727,2026-04-18 22:00:00,Allan Nascimento,Mitch Raposo,BetAnything,"1,43","2,8","69,93","35,71","105,64"
5b02941bc1425e1bd998c928a827c727,2026-04-18 22:00:00,Allan Nascimento,Mitch Raposo,Unibet (SE),"1,36","3,15","73,53","31,75","105,28"
5b02941bc1425e1bd998c928a827c727,2026-04-18 22:00:00,Allan Nascimento,Mitch Raposo,Unibet (NL),"1,36","3,15","73,53","31,75","105,28"
5b02941bc1425e1bd998c928a827c727,2026-04-18 22:00:00,Allan Nascimento,Mitch Raposo,LeoVegas (SE),"1,36","3,15","73,53","31,75","105,28"
5b02941bc1425e1bd998c928a827c727,2026-04-18 22:00:00,Allan Nascimento,Mitch Raposo,William Hill,"1,36","3,1","73,53","32,26","105,79"
5b02941bc1425e1bd998c928a827c727,2026-04-18 22:00:00,Allan Nascimento,Mitch Raposo,Coolbet,"1,39","3,12","71,94","32,05","103,99"
5b02941bc1425e1bd998c928a827c727,2026-04-18 22:00:00,Allan Nascimento,Mitch Raposo,Betfair,"1,4","3,2","71,43","31,25","102,68"
21e4963e9040883f3e377d147d086c6c,2026-04-18 22:00:00,Kyler Phillips,Charles Jourdain,BetOnline.ag,"1,58","2,46","63,29","40,65","103,94"
21e4963e9040883f3e377d147d086c6c,2026-04-18 22:00:00,Kyler Phillips,Charles Jourdain,1xBet,"1,59","2,38","62,89","42,02","104,91"
21e4963e9040883f3e377d147d086c6c,2026-04-18 22:00:00,Kyler Phillips,Charles Jourdain,Betclic (FR),"1,54","2,3","64,94","43,48","108,42"
21e4963e9040883f3e377d147d086c6c,2026-04-18 22:00:00,Kyler Phillips,Charles Jourdain,Nordic Bet,"1,56","2,4","64,1","41,67","105,77"
21e4963e9040883f3e377d147d086c6c,2026-04-18 22:00:00,Kyler Phillips,Charles Jourdain,Betsson,"1,56","2,4","64,1","41,67","105,77"
21e4963e9040883f3e377d147d086c6c,2026-04-18 22:00:00,Kyler Phillips,Charles Jourdain,888sport,"1,53","2,3","65,36","43,48","108,84"
21e4963e9040883f3e377d147d086c6c,2026-04-18 22:00:00,Kyler Phillips,Charles Jourdain,Pinnacle,"1,6","2,43","62,5","41,15","103,65"
21e4963e9040883f3e377d147d086c6c,2026-04-18 22:00:00,Kyler Phillips,Charles Jourdain,BetAnything,"1,59","2,4","62,89","41,67","104,56"
21e4963e9040883f3e377d147d086c6c,2026-04-18 22:00:00,Kyler Phillips,Charles Jourdain,Unibet (SE),"1,57","2,38","63,69","42,02","105,71"
21e4963e9040883f3e377d147d086c6c,2026-04-18 22:00:00,Kyler Phillips,Charles Jourdain,Unibet (NL),"1,57","2,38","63,69","42,02","105,71"
21e4963e9040883f3e377d147d086c6c,2026-04-18 22:00:00,Kyler Phillips,Charles Jourdain,LeoVegas (SE),"1,57","2,38","63,69","42,02","105,71"
21e4963e9040883f3e377d147d086c6c,2026-04-18 22:00:00,Kyler Phillips,Charles Jourdain,William Hill,"1,57","2,38","63,69","42,02","105,71"
21e4963e9040883f3e377d147d086c6c,2026-04-18 22:00:00,Kyler Phillips,Charles Jourdain,Marathon Bet,"1,57","2,34","63,69","42,74","106,43"
21e4963e9040883f3e377d147d086c6c,2026-04-18 22:00:00,Kyler Phillips,Charles Jourdain,Coolbet,"1,6","2,4","62,5","41,67","104,17"
21e4963e9040883f3e377d147d086c6c,2026-04-18 22:00:00,Kyler Phillips,Charles Jourdain,Betfair,"1,59","2,48","62,89","40,32","103,21"
4f7b70c5b19cea89fa601c0fe3a69231,2026-04-18 22:00:00,Melissa Croden,Darya Zheleznyakova,BetOnline.ag,"2,4","1,62","41,67","61,73","103,4"
4f7b70c5b19cea89fa601c0fe3a69231,2026-04-18 22:00:00,Melissa Croden,Darya Zheleznyakova,1xBet,"2,24","1,63","44,64","61,35","105,99"
4f7b70c5b19cea89fa601c0fe3a69231,2026-04-18 22:00:00,Melissa Croden,Darya Zheleznyakova,Nordic Bet,"2,35","1,57","42,55","63,69","106,24"
4f7b70c5b19cea89fa601c0fe3a69231,2026-04-18 22:00:00,Melissa Croden,Darya Zheleznyakova,Betsson,"2,35","1,57","42,55","63,69","106,24"
4f7b70c5b19cea89fa601c0fe3a69231,2026-04-18 22:00:00,Melissa Croden,Darya Zheleznyakova,Pinnacle,"2,41","1,6","41,49","62,5","103,99"
4f7b70c5b19cea89fa601c0fe3a69231,2026-04-18 22:00:00,Melissa Croden,Darya Zheleznyakova,BetAnything,"2,3","1,62","43,48","61,73","105,21"
4f7b70c5b19cea89fa601c0fe3a69231,2026-04-18 22:00:00,Melissa Croden,Darya Zheleznyakova,LeoVegas (SE),"2,55","1,51","39,22","66,23","105,45"
4f7b70c5b19cea89fa601c0fe3a69231,2026-04-18 22:00:00,Melissa Croden,Darya Zheleznyakova,Unibet (SE),"2,55","1,51","39,22","66,23","105,45"
4f7b70c5b19cea89fa601c0fe3a69231,2026-04-18 22:00:00,Melissa Croden,Darya Zheleznyakova,Unibet (NL),"2,55","1,51","39,22","66,23","105,45"
4f7b70c5b19cea89fa601c0fe3a69231,2026-04-18 22:00:00,Melissa Croden,Darya Zheleznyakova,William Hill,"2,38","1,57","42,02","63,69","105,71"
4f7b70c5b19cea89fa601c0fe3a69231,2026-04-18 22:00:00,Melissa Croden,Darya Zheleznyakova,Coolbet,"2,4","1,6","41,67","62,5","104,17"
4f7b70c5b19cea89fa601c0fe3a69231,2026-04-18 22:00:00,Melissa Croden,Darya Zheleznyakova,Betfair,"2,4","1,65","41,67","60,61","102,28"
46fe6736c8f9dab62833f61fed2d5b48,2026-04-18 22:00:00,Márcio Barbosa,Dennis Buzukja,BetOnline.ag,"4,55","1,22","21,98","81,97","103,95"
46fe6736c8f9dab62833f61fed2d5b48,2026-04-18 22:00:00,Márcio Barbosa,Dennis Buzukja,1xBet,"4,51","1,21","22,17","82,64","104,81"
46fe6736c8f9dab62833f61fed2d5b48,2026-04-18 22:00:00,Márcio Barbosa,Dennis Buzukja,Betsson,"4,2","1,21","23,81","82,64","106,45"
46fe6736c8f9dab62833f61fed2d5b48,2026-04-18 22:00:00,Márcio Barbosa,Dennis Buzukja,Nordic Bet,"4,2","1,21","23,81","82,64","106,45"
46fe6736c8f9dab62833f61fed2d5b48,2026-04-18 22:00:00,Márcio Barbosa,Dennis Buzukja,Betclic (FR),"4,15","1,19","24,1","84,03","108,13"
46fe6736c8f9dab62833f61fed2d5b48,2026-04-18 22:00:00,Márcio Barbosa,Dennis Buzukja,Pinnacle,"4,35","1,24","22,99","80,65","103,64"
46fe6736c8f9dab62833f61fed2d5b48,2026-04-18 22:00:00,Márcio Barbosa,Dennis Buzukja,BetAnything,"3,85","1,22","25,97","81,97","107,94"
46fe6736c8f9dab62833f61fed2d5b48,2026-04-18 22:00:00,Márcio Barbosa,Dennis Buzukja,Unibet (NL),"4,1","1,24","24,39","80,65","105,04"
46fe6736c8f9dab62833f61fed2d5b48,2026-04-18 22:00:00,Márcio Barbosa,Dennis Buzukja,LeoVegas (SE),"4,1","1,24","24,39","80,65","105,04"
46fe6736c8f9dab62833f61fed2d5b48,2026-04-18 22:00:00,Márcio Barbosa,Dennis Buzukja,Unibet (SE),"4,1","1,24","24,39","80,65","105,04"
46fe6736c8f9dab62833f61fed2d5b48,2026-04-18 22:00:00,Márcio Barbosa,Dennis Buzukja,William Hill,"4,2","1,22","23,81","81,97","105,78"
46fe6736c8f9dab62833f61fed2d5b48,2026-04-18 22:00:00,Márcio Barbosa,Dennis Buzukja,Coolbet,"4,35","1,23","22,99","81,3","104,29"
46fe6736c8f9dab62833f61fed2d5b48,2026-04-18 22:00:00,Márcio Barbosa,Dennis Buzukja,Betfair,"4,2","1,01","23,81","99,01","122,82"
1c122070dfeca191db21e4179557ecd6,2026-04-18 22:00:00,Thiago Moises,Gauge Young,BetOnline.ag,"1,76","2,12","56,82","47,17","103,99"
1c122070dfeca191db21e4179557ecd6,2026-04-18 22:00:00,Thiago Moises,Gauge Young,1xBet,"1,77","2,05","56,5","48,78","105,28"
1c122070dfeca191db21e4179557ecd6,2026-04-18 22:00:00,Thiago Moises,Gauge Young,Betsson,"1,74","2,05","57,47","48,78","106,25"
1c122070dfeca191db21e4179557ecd6,2026-04-18 22:00:00,Thiago Moises,Gauge Young,Nordic Bet,"1,74","2,05","57,47","48,78","106,25"
1c122070dfeca191db21e4179557ecd6,2026-04-18 22:00:00,Thiago Moises,Gauge Young,Betclic (FR),"1,69","2,05","59,17","48,78","107,95"
1c122070dfeca191db21e4179557ecd6,2026-04-18 22:00:00,Thiago Moises,Gauge Young,Pinnacle,"1,78","2,11","56,18","47,39","103,57"
1c122070dfeca191db21e4179557ecd6,2026-04-18 22:00:00,Thiago Moises,Gauge Young,BetAnything,"1,77","2,0","56,5","50,0","106,5"
1c122070dfeca191db21e4179557ecd6,2026-04-18 22:00:00,Thiago Moises,Gauge Young,Unibet (NL),"1,78","2,04","56,18","49,02","105,2"
1c122070dfeca191db21e4179557ecd6,2026-04-18 22:00:00,Thiago Moises,Gauge Young,LeoVegas (SE),"1,78","2,04","56,18","49,02","105,2"
1c122070dfeca191db21e4179557ecd6,2026-04-18 22:00:00,Thiago Moises,Gauge Young,Unibet (SE),"1,78","2,04","56,18","49,02","105,2"
1c122070dfeca191db21e4179557ecd6,2026-04-18 22:00:00,Thiago Moises,Gauge Young,William Hill,"1,73","2,1","57,8","47,62","105,42"
1c122070dfeca191db21e4179557ecd6,2026-04-18 22:00:00,Thiago Moises,Gauge Young,Coolbet,"1,77","2,1","56,5","47,62","104,12"
1c122070dfeca191db21e4179557ecd6,2026-04-18 22:00:00,Thiago Moises,Gauge Young,Betfair,"1,01","2,08","99,01","48,08","147,09"
71c557dcac52733ed521cac194992b48,2026-04-18 22:00:00,Mike Malott,Gilbert Burns,BetOnline.ag,"4,3","1,25","23,26","80,0","103,26"
71c557dcac52733ed521cac194992b48,2026-04-18 22:00:00,Mike Malott,Gilbert Burns,1xBet,"4,22","1,23","23,7","81,3","105,0"
71c557dcac52733ed521cac194992b48,2026-04-18 22:00:00,Mike Malott,Gilbert Burns,Betclic (FR),"4,4","1,18","22,73","84,75","107,48"
71c557dcac52733ed521cac194992b48,2026-04-18 22:00:00,Mike Malott,Gilbert Burns,Betsson,"4,5","1,18","22,22","84,75","106,97"
71c557dcac52733ed521cac194992b48,2026-04-18 22:00:00,Mike Malott,Gilbert Burns,Nordic Bet,"4,5","1,18","22,22","84,75","106,97"
71c557dcac52733ed521cac194992b48,2026-04-18 22:00:00,Mike Malott,Gilbert Burns,888sport,"4,0","1,2","25,0","83,33","108,33"
71c557dcac52733ed521cac194992b48,2026-04-18 22:00:00,Mike Malott,Gilbert Burns,Pinnacle,"4,58","1,22","21,83","81,97","103,8"
71c557dcac52733ed521cac194992b48,2026-04-18 22:00:00,Mike Malott,Gilbert Burns,BetAnything,"3,65","1,25","27,4","80,0","107,4"
71c557dcac52733ed521cac194992b48,2026-04-18 22:00:00,Mike Malott,Gilbert Burns,Unibet (SE),"4,2","1,24","23,81","80,65","104,46"
71c557dcac52733ed521cac194992b48,2026-04-18 22:00:00,Mike Malott,Gilbert Burns,Unibet (NL),"4,2","1,24","23,81","80,65","104,46"
71c557dcac52733ed521cac194992b48,2026-04-18 22:00:00,Mike Malott,Gilbert Burns,LeoVegas (SE),"4,2","1,24","23,81","80,65","104,46"
71c557dcac52733ed521cac194992b48,2026-04-18 22:00:00,Mike Malott,Gilbert Burns,William Hill,"4,5","1,2","22,22","83,33","105,55"
71c557dcac52733ed521cac194992b48,2026-04-18 22:00:00,Mike Malott,Gilbert Burns,Coolbet,"4,54","1,22","22,03","81,97","104,0"
71c557dcac52733ed521cac194992b48,2026-04-18 22:00:00,Mike Malott,Gilbert Burns,Betfair,"4,3","1,22","23,26","81,97","105,23"
fe15917542de66b05e42ce698237f6ca,2026-04-18 22:00:00,Gokhan Saricam,Tanner Boser,BetOnline.ag,"1,65","2,35","60,61","42,55","103,16"
fe15917542de66b05e42ce698237f6ca,2026-04-18 22:00:00,Gokhan Saricam,Tanner Boser,1xBet,"1,62","2,26","61,73","44,25","105,98"
fe15917542de66b05e42ce698237f6ca,2026-04-18 22:00:00,Gokhan Saricam,Tanner Boser,Nordic Bet,"1,55","2,4","64,52","41,67","106,19"
fe15917542de66b05e42ce698237f6ca,2026-04-18 22:00:00,Gokhan Saricam,Tanner Boser,Betsson,"1,55","2,4","64,52","41,67","106,19"
fe15917542de66b05e42ce698237f6ca,2026-04-18 22:00:00,Gokhan Saricam,Tanner Boser,Pinnacle,"1,65","2,32","60,61","43,1","103,71"
fe15917542de66b05e42ce698237f6ca,2026-04-18 22:00:00,Gokhan Saricam,Tanner Boser,BetAnything,"1,65","2,25","60,61","44,44","105,05"
fe15917542de66b05e42ce698237f6ca,2026-04-18 22:00:00,Gokhan Saricam,Tanner Boser,LeoVegas (SE),"1,61","2,32","62,11","43,1","105,21"
fe15917542de66b05e42ce698237f6ca,2026-04-18 22:00:00,Gokhan Saricam,Tanner Boser,Unibet (SE),"1,61","2,32","62,11","43,1","105,21"
fe15917542de66b05e42ce698237f6ca,2026-04-18 22:00:00,Gokhan Saricam,Tanner Boser,Unibet (NL),"1,61","2,32","62,11","43,1","105,21"
fe15917542de66b05e42ce698237f6ca,2026-04-18 22:00:00,Gokhan Saricam,Tanner Boser,William Hill,"1,57","2,38","63,69","42,02","105,71"
fe15917542de66b05e42ce698237f6ca,2026-04-18 22:00:00,Gokhan Saricam,Tanner Boser,Coolbet,"1,71","2,2","58,48","45,45","103,93"
fe15917542de66b05e42ce698237f6ca,2026-04-18 22:00:00,Gokhan Saricam,Tanner Boser,Betfair,"1,66","2,4","60,24","41,67","101,91"
9cb950e9a60ec84fa793bcd639586353,2026-04-18 22:00:00,Jamey-Lyn Horth,J.J. Aldrich,BetOnline.ag,"2,6","1,54","38,46","64,94","103,4"
9cb950e9a60ec84fa793bcd639586353,2026-04-18 22:00:00,Jamey-Lyn Horth,J.J. Aldrich,1xBet,"2,7","1,45","37,04","68,97","106,01"
9cb950e9a60ec84fa793bcd639586353,2026-04-18 22:00:00,Jamey-Lyn Horth,J.J. Aldrich,Nordic Bet,"2,6","1,46","38,46","68,49","106,95"
9cb950e9a60ec84fa793bcd639586353,2026-04-18 22:00:00,Jamey-Lyn Horth,J.J. Aldrich,Betsson,"2,6","1,46","38,46","68,49","106,95"
9cb950e9a60ec84fa793bcd639586353,2026-04-18 22:00:00,Jamey-Lyn Horth,J.J. Aldrich,Pinnacle,"2,62","1,52","38,17","65,79","103,96"
9cb950e9a60ec84fa793bcd639586353,2026-04-18 22:00:00,Jamey-Lyn Horth,J.J. Aldrich,BetAnything,"2,6","1,53","38,46","65,36","103,82"
9cb950e9a60ec84fa793bcd639586353,2026-04-18 22:00:00,Jamey-Lyn Horth,J.J. Aldrich,888sport,"2,5","1,47","40,0","68,03","108,03"
9cb950e9a60ec84fa793bcd639586353,2026-04-18 22:00:00,Jamey-Lyn Horth,J.J. Aldrich,Unibet (SE),"2,55","1,51","39,22","66,23","105,45"
9cb950e9a60ec84fa793bcd639586353,2026-04-18 22:00:00,Jamey-Lyn Horth,J.J. Aldrich,Unibet (NL),"2,55","1,51","39,22","66,23","105,45"
9cb950e9a60ec84fa793bcd639586353,2026-04-18 22:00:00,Jamey-Lyn Horth,J.J. Aldrich,LeoVegas (SE),"2,55","1,51","39,22","66,23","105,45"
9cb950e9a60ec84fa793bcd639586353,2026-04-18 22:00:00,Jamey-Lyn Horth,J.J. Aldrich,William Hill,"2,5","1,53","40,0","65,36","105,36"
9cb950e9a60ec84fa793bcd639586353,2026-04-18 22:00:00,Jamey-Lyn Horth,J.J. Aldrich,Coolbet,"2,65","1,51","37,74","66,23","103,97"
9cb950e9a60ec84fa793bcd639586353,2026-04-18 22:00:00,Jamey-Lyn Horth,J.J. Aldrich,Betfair,"2,78","1,44","35,97","69,44","105,41"
d06a2e11c36cdb7b6299ef1e7d5e42aa,2026-04-18 22:00:00,Mandel Nallo,Jai Herbert,BetOnline.ag,"2,55","1,56","39,22","64,1","103,32"
d06a2e11c36cdb7b6299ef1e7d5e42aa,2026-04-18 22:00:00,Mandel Nallo,Jai Herbert,1xBet,"2,46","1,55","40,65","64,52","105,17"
d06a2e11c36cdb7b6299ef1e7d5e42aa,2026-04-18 22:00:00,Mandel Nallo,Jai Herbert,Betclic (FR),"2,33","1,54","42,92","64,94","107,86"
d06a2e11c36cdb7b6299ef1e7d5e42aa,2026-04-18 22:00:00,Mandel Nallo,Jai Herbert,Betsson,"2,3","1,58","43,48","63,29","106,77"
d06a2e11c36cdb7b6299ef1e7d5e42aa,2026-04-18 22:00:00,Mandel Nallo,Jai Herbert,Nordic Bet,"2,3","1,58","43,48","63,29","106,77"
d06a2e11c36cdb7b6299ef1e7d5e42aa,2026-04-18 22:00:00,Mandel Nallo,Jai Herbert,888sport,"2,3","1,53","43,48","65,36","108,84"
d06a2e11c36cdb7b6299ef1e7d5e42aa,2026-04-18 22:00:00,Mandel Nallo,Jai Herbert,Pinnacle,"2,51","1,56","39,84","64,1","103,94"
d06a2e11c36cdb7b6299ef1e7d5e42aa,2026-04-18 22:00:00,Mandel Nallo,Jai Herbert,BetAnything,"2,5","1,56","40,0","64,1","104,1"
d06a2e11c36cdb7b6299ef1e7d5e42aa,2026-04-18 22:00:00,Mandel Nallo,Jai Herbert,LeoVegas (SE),"2,43","1,56","41,15","64,1","105,25"
d06a2e11c36cdb7b6299ef1e7d5e42aa,2026-04-18 22:00:00,Mandel Nallo,Jai Herbert,Unibet (SE),"2,43","1,56","41,15","64,1","105,25"
d06a2e11c36cdb7b6299ef1e7d5e42aa,2026-04-18 22:00:00,Mandel Nallo,Jai Herbert,Unibet (NL),"2,43","1,56","41,15","64,1","105,25"
d06a2e11c36cdb7b6299ef1e7d5e42aa,2026-04-18 22:00:00,Mandel Nallo,Jai Herbert,William Hill,"2,3","1,62","43,48","61,73","105,21"
d06a2e11c36cdb7b6299ef1e7d5e42aa,2026-04-18 22:00:00,Mandel Nallo,Jai Herbert,Coolbet,"2,55","1,54","39,22","64,94","104,16"
d06a2e11c36cdb7b6299ef1e7d5e42aa,2026-04-18 22:00:00,Mandel Nallo,Jai Herbert,Betfair,"2,46","1,01","40,65","99,01","139,66"
235d67501698f03332cb06f34f34af9a,2026-04-18 22:00:00,Jasmine Jasudavicius,Karine Silva,BetOnline.ag,"1,33","3,5","75,19","28,57","103,76"
235d67501698f03332cb06f34f34af9a,2026-04-18 22:00:00,Jasmine Jasudavicius,Karine Silva,1xBet,"1,33","3,42","75,19","29,24","104,43"
235d67501698f03332cb06f34f34af9a,2026-04-18 22:00:00,Jasmine Jasudavicius,Karine Silva,Nordic Bet,"1,33","3,25","75,19","30,77","105,96"
235d67501698f03332cb06f34f34af9a,2026-04-18 22:00:00,Jasmine Jasudavicius,Karine Silva,Betsson,"1,33","3,25","75,19","30,77","105,96"
235d67501698f03332cb06f34f34af9a,2026-04-18 22:00:00,Jasmine Jasudavicius,Karine Silva,Betclic (FR),"1,29","3,25","77,52","30,77","108,29"
235d67501698f03332cb06f34f34af9a,2026-04-18 22:00:00,Jasmine Jasudavicius,Karine Silva,Pinnacle,"1,34","3,43","74,63","29,15","103,78"
235d67501698f03332cb06f34f34af9a,2026-04-18 22:00:00,Jasmine Jasudavicius,Karine Silva,BetAnything,"1,33","3,3","75,19","30,3","105,49"
235d67501698f03332cb06f34f34af9a,2026-04-18 22:00:00,Jasmine Jasudavicius,Karine Silva,Unibet (SE),"1,29","3,65","77,52","27,4","104,92"
235d67501698f03332cb06f34f34af9a,2026-04-18 22:00:00,Jasmine Jasudavicius,Karine Silva,Unibet (NL),"1,29","3,65","77,52","27,4","104,92"
235d67501698f03332cb06f34f34af9a,2026-04-18 22:00:00,Jasmine Jasudavicius,Karine Silva,LeoVegas (SE),"1,29","3,65","77,52","27,4","104,92"
235d67501698f03332cb06f34f34af9a,2026-04-18 22:00:00,Jasmine Jasudavicius,Karine Silva,888sport,"1,29","3,3","77,52","30,3","107,82"
235d67501698f03332cb06f34f34af9a,2026-04-18 22:00:00,Jasmine Jasudavicius,Karine Silva,William Hill,"1,33","3,3","75,19","30,3","105,49"
235d67501698f03332cb06f34f34af9a,2026-04-18 22:00:00,Jasmine Jasudavicius,Karine Silva,Coolbet,"1,34","3,4","74,63","29,41","104,04"
235d67501698f03332cb06f34f34af9a,2026-04-18 22:00:00,Jasmine Jasudavicius,Karine Silva,Betfair,"1,01","1,01","99,01","99,01","198,02"
d10f44b5437059abce430ab69648c625,2026-04-18 22:00:00,Mark Vologdin,John Castaneda,BetOnline.ag,"1,89","1,93","52,91","51,81","104,72"
d10f44b5437059abce430ab69648c625,2026-04-18 22:00:00,Mark Vologdin,John Castaneda,1xBet,"1,81","1,93","55,25","51,81","107,06"
d10f44b5437059abce430ab69648c625,2026-04-18 22:00:00,Mark Vologdin,John Castaneda,Nordic Bet,"1,93","1,82","51,81","54,95","106,76"
d10f44b5437059abce430ab69648c625,2026-04-18 22:00:00,Mark Vologdin,John Castaneda,Betsson,"1,93","1,82","51,81","54,95","106,76"
d10f44b5437059abce430ab69648c625,2026-04-18 22:00:00,Mark Vologdin,John Castaneda,Pinnacle,"1,88","1,97","53,19","50,76","103,95"
d10f44b5437059abce430ab69648c625,2026-04-18 22:00:00,Mark Vologdin,John Castaneda,BetAnything,"1,87","1,87","53,48","53,48","106,96"
d10f44b5437059abce430ab69648c625,2026-04-18 22:00:00,Mark Vologdin,John Castaneda,LeoVegas (SE),"1,95","1,85","51,28","54,05","105,33"
d10f44b5437059abce430ab69648c625,2026-04-18 22:00:00,Mark Vologdin,John Castaneda,Unibet (SE),"1,95","1,85","51,28","54,05","105,33"
d10f44b5437059abce430ab69648c625,2026-04-18 22:00:00,Mark Vologdin,John Castaneda,Unibet (NL),"1,95","1,85","51,28","54,05","105,33"
d10f44b5437059abce430ab69648c625,2026-04-18 22:00:00,Mark Vologdin,John Castaneda,888sport,"1,9","1,8","52,63","55,56","108,19"
d10f44b5437059abce430ab69648c625,2026-04-18 22:00:00,Mark Vologdin,John Castaneda,William Hill,"2,1","1,73","47,62","57,8","105,42"
d10f44b5437059abce430ab69648c625,2026-04-18 22:00:00,Mark Vologdin,John Castaneda,Coolbet,"1,95","1,9","51,28","52,63","103,91"
d10f44b5437059abce430ab69648c625,2026-04-18 22:00:00,Mark Vologdin,John Castaneda,Betfair,"2,04","1,88","49,02","53,19","102,21"
aa8cd2715d12783b2a7eb7da3b2067ce,2026-04-18 23:30:00,Julien Leblanc,Robert Valentin,1xBet,"1,9","1,83","52,63","54,64","107,27"
aa8cd2715d12783b2a7eb7da3b2067ce,2026-04-18 23:30:00,Julien Leblanc,Robert Valentin,BetOnline.ag,"2,03","1,81","49,26","55,25","104,51"
aa8cd2715d12783b2a7eb7da3b2067ce,2026-04-18 23:30:00,Julien Leblanc,Robert Valentin,Nordic Bet,"1,8","2,0","55,56","50,0","105,56"
aa8cd2715d12783b2a7eb7da3b2067ce,2026-04-18 23:30:00,Julien Leblanc,Robert Valentin,Betsson,"1,8","2,0","55,56","50,0","105,56"
aa8cd2715d12783b2a7eb7da3b2067ce,2026-04-18 23:30:00,Julien Leblanc,Robert Valentin,Pinnacle,"2,04","1,82","49,02","54,95","103,97"
aa8cd2715d12783b2a7eb7da3b2067ce,2026-04-18 23:30:00,Julien Leblanc,Robert Valentin,BetAnything,"1,95","1,8","51,28","55,56","106,84"
aa8cd2715d12783b2a7eb7da3b2067ce,2026-04-18 23:30:00,Julien Leblanc,Robert Valentin,Unibet (NL),"2,02","1,79","49,5","55,87","105,37"
aa8cd2715d12783b2a7eb7da3b2067ce,2026-04-18 23:30:00,Julien Leblanc,Robert Valentin,LeoVegas (SE),"2,02","1,79","49,5","55,87","105,37"
aa8cd2715d12783b2a7eb7da3b2067ce,2026-04-18 23:30:00,Julien Leblanc,Robert Valentin,Unibet (SE),"2,02","1,79","49,5","55,87","105,37"
aa8cd2715d12783b2a7eb7da3b2067ce,2026-04-18 23:30:00,Julien Leblanc,Robert Valentin,William Hill,"1,8","2,0","55,56","50,0","105,56"
aa8cd2715d12783b2a7eb7da3b2067ce,2026-04-18 23:30:00,Julien Leblanc,Robert Valentin,Coolbet,"1,98","1,87","50,51","53,48","103,99"
aa8cd2715d12783b2a7eb7da3b2067ce,2026-04-18 23:30:00,Julien Leblanc,Robert Valentin,Betfair,"2,0","1,92","50,0","52,08","102,08"
5e3ed97a4087084bdfff2683bcfd2d49,2026-04-25 21:00:00,Rodolfo Vieira,Eric McConico,BetOnline.ag,"3,11","1,4","32,15","71,43","103,58"
5e3ed97a4087084bdfff2683bcfd2d49,2026-04-25 21:00:00,Rodolfo Vieira,Eric McConico,1xBet,"3,0","1,42","33,33","70,42","103,75"
657d5a2a5693234ca1aa298a7ee4d977,2026-04-25 21:00:00,Jackson McVey,Sedriques Dumas,BetOnline.ag,"1,5","2,74","66,67","36,5","103,17"
657d5a2a5693234ca1aa298a7ee4d977,2026-04-25 21:00:00,Jackson McVey,Sedriques Dumas,1xBet,"1,51","2,65","66,23","37,74","103,97"
7b24a93b5e3d53d4a22db2f56d68e65f,2026-04-25 21:00:00,Jafel Filho,Lucas Rocha,BetOnline.ag,"1,33","3,5","75,19","28,57","103,76"
7b24a93b5e3d53d4a22db2f56d68e65f,2026-04-25 21:00:00,Jafel Filho,Lucas Rocha,1xBet,"1,35","3,33","74,07","30,03","104,1"
c1ca349730d52f62b779f10f9f90f960,2026-04-25 21:00:00,Talita Alencar,Julia Polastri,BetOnline.ag,"1,62","2,4","61,73","41,67","103,4"
c1ca349730d52f62b779f10f9f90f960,2026-04-25 21:00:00,Talita Alencar,Julia Polastri,1xBet,"1,63","2,33","61,35","42,92","104,27"
47769d01880fd9cc3753f75a697688d8,2026-04-25 21:00:00,Max Griffin,Victor Valenzuela,BetOnline.ag,"2,11","1,76","47,39","56,82","104,21"
c625ba8faec8f1445c8543f1c0698f15,2026-04-25 21:00:00,Mayra Bueno Silva,Michelle Montague,BetOnline.ag,"3,9","1,28","25,64","78,12","103,76"
c625ba8faec8f1445c8543f1c0698f15,2026-04-25 21:00:00,Mayra Bueno Silva,Michelle Montague,1xBet,"3,67","1,3","27,25","76,92","104,17"
deb30327ec5e4718b7209327e5eae733,2026-04-26 00:00:00,Rafa Garcia,Alex Hernandez,BetOnline.ag,"1,69","2,25","59,17","44,44","103,61"
deb30327ec5e4718b7209327e5eae733,2026-04-26 00:00:00,Rafa Garcia,Alex Hernandez,1xBet,"1,71","2,21","58,48","45,25","103,73"
f7469df672b3385e51e6ab329401c474,2026-04-26 00:00:00,Aljamain Sterling,Youssef Zalal,BetOnline.ag,"2,12","1,76","47,17","56,82","103,99"
f7469df672b3385e51e6ab329401c474,2026-04-26 00:00:00,Aljamain Sterling,Youssef Zalal,Betclic (FR),"2,1","1,65","47,62","60,61","108,23"
f7469df672b3385e51e6ab329401c474,2026-04-26 00:00:00,Aljamain Sterling,Youssef Zalal,1xBet,"2,1","1,76","47,62","56,82","104,44"
54e3384b808042a9f21b3139925a61c5,2026-04-26 00:00:00,Norma Dumont,Joselyne Edwards,BetOnline.ag,"2,45","1,61","40,82","62,11","102,93"
54e3384b808042a9f21b3139925a61c5,2026-04-26 00:00:00,Norma Dumont,Joselyne Edwards,1xBet,"2,37","1,62","42,19","61,73","103,92"
3c6748aa1b40bddddf19f5deb5ee482b,2026-04-26 00:00:00,Marcus Buchecha,Ryan Spann,BetOnline.ag,"1,91","1,91","52,36","52,36","104,72"
2259acc08cdedd31fadfe5c7ecd499cd,2026-04-26 00:00:00,Montel Jackson,Raoni Barcelos,BetOnline.ag,"1,57","2,5","63,69","40,0","103,69"
2259acc08cdedd31fadfe5c7ecd499cd,2026-04-26 00:00:00,Montel Jackson,Raoni Barcelos,1xBet,"1,59","2,43","62,89","41,15","104,04"
ae22ee2cfaa7d47bdfbf58c00e46a7d7,2026-05-03 04:00:00,Jack Della Maddalena,Carlos Prates,BetOnline.ag,"1,95","1,87","51,28","53,48","104,76"
ae22ee2cfaa7d47bdfbf58c00e46a7d7,2026-05-03 04:00:00,Jack Della Maddalena,Carlos Prates,1xBet,"1,96","1,87","51,02","53,48","104,5"
ae22ee2cfaa7d47bdfbf58c00e46a7d7,2026-05-03 04:00:00,Jack Della Maddalena,Carlos Prates,Betclic (FR),"1,9","1,8","52,63","55,56","108,19"
ae22ee2cfaa7d47bdfbf58c00e46a7d7,2026-05-03 04:00:00,Jack Della Maddalena,Carlos Prates,Nordic Bet,"1,96","1,8","51,02","55,56","106,58"
ae22ee2cfaa7d47bdfbf58c00e46a7d7,2026-05-03 04:00:00,Jack Della Maddalena,Carlos Prates,Betsson,"1,96","1,8","51,02","55,56","106,58"
9572ebf9d60e9a4a050db937e02dcf03,2026-05-10 01:00:00,Khamzat Chimaev,Sean Strickland,BetOnline.ag,"1,18","5,2","84,75","19,23","103,98"
9572ebf9d60e9a4a050db937e02dcf03,2026-05-10 01:00:00,Khamzat Chimaev,Sean Strickland,1xBet,"1,14","6,18","87,72","16,18","103,9"
9572ebf9d60e9a4a050db937e02dcf03,2026-05-10 01:00:00,Khamzat Chimaev,Sean Strickland,Unibet (SE),"1,18","5,1","84,75","19,61","104,36"
9572ebf9d60e9a4a050db937e02dcf03,2026-05-10 01:00:00,Khamzat Chimaev,Sean Strickland,LeoVegas (SE),"1,18","5,1","84,75","19,61","104,36"
9572ebf9d60e9a4a050db937e02dcf03,2026-05-10 01:00:00,Khamzat Chimaev,Sean Strickland,Unibet (NL),"1,18","5,1","84,75","19,61","104,36"
9572ebf9d60e9a4a050db937e02dcf03,2026-05-10 01:00:00,Khamzat Chimaev,Sean Strickland,Betfair,"1,22","4,6","81,97","21,74","103,71"
9572ebf9d60e9a4a050db937e02dcf03,2026-05-10 01:00:00,Khamzat Chimaev,Sean Strickland,Marathon Bet,"1,12","5,8","89,29","17,24","106,53"
9572ebf9d60e9a4a050db937e02dcf03,2026-05-10 01:00:00,Khamzat Chimaev,Sean Strickland,888sport,"1,17","4,5","85,47","22,22","107,69"
9572ebf9d60e9a4a050db937e02dcf03,2026-05-10 01:00:00,Khamzat Chimaev,Sean Strickland,Nordic Bet,"1,13","5,5","88,5","18,18","106,68"
9572ebf9d60e9a4a050db937e02dcf03,2026-05-10 01:00:00,Khamzat Chimaev,Sean Strickland,Betsson,"1,13","5,5","88,5","18,18","106,68"
bca7261228cf53e0ef8c55e76cdf2138,2026-05-10 02:15:00,King Green,Jeremy Stephens,BetOnline.ag,"3,5","1,33","28,57","75,19","103,76"
bca7261228cf53e0ef8c55e76cdf2138,2026-05-10 02:15:00,King Green,Jeremy Stephens,1xBet,"3,46","1,29","28,9","77,52","106,42"
bca7261228cf53e0ef8c55e76cdf2138,2026-05-10 02:15:00,King Green,Jeremy Stephens,Nordic Bet,"3,15","1,32","31,75","75,76","107,51"
bca7261228cf53e0ef8c55e76cdf2138,2026-05-10 02:15:00,King Green,Jeremy Stephens,Betsson,"3,15","1,32","31,75","75,76","107,51"
f7214563fa457f83d32ae08128c0dfa1,2026-05-10 02:45:00,Jan Blachowicz,Bogdan Guskov,BetOnline.ag,"1,69","2,25","59,17","44,44","103,61"
f7214563fa457f83d32ae08128c0dfa1,2026-05-10 02:45:00,Jan Blachowicz,Bogdan Guskov,1xBet,"1,64","2,22","60,98","45,05","106,03"
f7214563fa457f83d32ae08128c0dfa1,2026-05-10 02:45:00,Jan Blachowicz,Bogdan Guskov,Nordic Bet,"1,65","2,15","60,61","46,51","107,12"
f7214563fa457f83d32ae08128c0dfa1,2026-05-10 02:45:00,Jan Blachowicz,Bogdan Guskov,Betsson,"1,65","2,15","60,61","46,51","107,12"
a2b05838698a5f914b569f502d372985,2026-05-10 03:15:00,Sean Brady,Joaquin Buckley,BetOnline.ag,"2,7","1,5","37,04","66,67","103,71"
a2b05838698a5f914b569f502d372985,2026-05-10 03:15:00,Sean Brady,Joaquin Buckley,1xBet,"2,65","1,45","37,74","68,97","106,71"
a2b05838698a5f914b569f502d372985,2026-05-10 03:15:00,Sean Brady,Joaquin Buckley,888sport,"2,6","1,45","38,46","68,97","107,43"
a2b05838698a5f914b569f502d372985,2026-05-10 03:15:00,Sean Brady,Joaquin Buckley,Nordic Bet,"2,7","1,44","37,04","69,44","106,48"
a2b05838698a5f914b569f502d372985,2026-05-10 03:15:00,Sean Brady,Joaquin Buckley,Betsson,"2,7","1,44","37,04","69,44","106,48"
a2b05838698a5f914b569f502d372985,2026-05-10 03:15:00,Sean Brady,Joaquin Buckley,Marathon Bet,"2,58","1,44","38,76","69,44","108,2"
dc70600ccf557c5bce24b0f1e73fa45f,2026-05-10 03:45:00,Alexander Volkov,Waldo Cortes-Acosta,BetOnline.ag,"1,56","2,55","64,1","39,22","103,32"
dc70600ccf557c5bce24b0f1e73fa45f,2026-05-10 03:45:00,Alexander Volkov,Waldo Cortes-Acosta,1xBet,"1,59","2,32","62,89","43,1","105,99"
dc70600ccf557c5bce24b0f1e73fa45f,2026-05-10 03:45:00,Alexander Volkov,Waldo Cortes-Acosta,Betclic (FR),"1,48","2,45","67,57","40,82","108,39"
dc70600ccf557c5bce24b0f1e73fa45f,2026-05-10 03:45:00,Alexander Volkov,Waldo Cortes-Acosta,Nordic Bet,"1,58","2,3","63,29","43,48","106,77"
dc70600ccf557c5bce24b0f1e73fa45f,2026-05-10 03:45:00,Alexander Volkov,Waldo Cortes-Acosta,Betsson,"1,58","2,3","63,29","43,48","106,77"
1976a9195475f1efe57d2c1a3a85c019,2026-05-10 04:00:00,Joshua Van,Tatsuro Taira,BetOnline.ag,"2,7","1,5","37,04","66,67","103,71"
1b275b79bdfb54ec649b1c4a1cd01b60,2026-05-17 00:00:00,Francis Ngannou,Philipe Lins,BetOnline.ag,"1,07","9,0","93,46","11,11","104,57"
a39fe54b3c38dbba822aaa3d29cca5dd,2026-05-17 00:00:00,Ronda Rousey,Gina Carano,BetOnline.ag,"4,75","1,2","21,05","83,33","104,38"
0068bfd36cef60b3e373c762b5b6338a,2026-05-17 00:00:00,Nate Diaz,Mike Perry,BetOnline.ag,"1,5","2,7","66,67","37,04","103,71"
f1fb488f82150df01e4c09f56f5efe09,2026-06-02 02:00:00,Islam Makhachev,Ilia Topuria,BetOnline.ag,"2,99","1,43","33,44","69,93","103,37"
c8dbccd9eda383d9c76dc15e4a3c96a7,2026-06-14 02:00:00,Alex Pereira,Carlos Ulberg,BetOnline.ag,"1,54","2,6","64,94","38,46","103,4"
b1a902b892f239a0404c75781af22e87,2026-06-14 02:00:00,Alex Pereira,Jiri Prochazka,BetOnline.ag,"1,33","3,5","75,19","28,57","103,76"
e7a638f5736f2d0edc762b56fc404f74,2026-06-14 02:00:00,Alex Pereira,Jon Jones,BetOnline.ag,"3,1","1,4","32,26","71,43","103,69"
a3c203ddf1665927314db9cc73ede377,2026-06-14 02:00:00,Magomed Ankalaev,Carlos Ulberg,BetOnline.ag,"3,1","1,4","32,26","71,43","103,69"
2f1aabeeefbe5b02db96846ac879a6ae,2026-06-15 00:00:00,Derrick Lewis,Josh Hokit,Coolbet,"3,85","1,28","25,97","78,12","104,09"
2f1aabeeefbe5b02db96846ac879a6ae,2026-06-15 00:00:00,Derrick Lewis,Josh Hokit,BetOnline.ag,"3,5","1,34","28,57","74,63","103,2"
2f1aabeeefbe5b02db96846ac879a6ae,2026-06-15 00:00:00,Derrick Lewis,Josh Hokit,1xBet,"3,27","1,38","30,58","72,46","103,04"
4b4920d2454497566b519a271f9e1e93,2026-06-15 00:30:00,Diego Lopes,Steve Garcia Jr.,BetOnline.ag,"1,54","2,6","64,94","38,46","103,4"
4b4920d2454497566b519a271f9e1e93,2026-06-15 00:30:00,Diego Lopes,Steve Garcia Jr.,Unibet (SE),"1,54","2,5","64,94","40,0","104,94"
4b4920d2454497566b519a271f9e1e93,2026-06-15 00:30:00,Diego Lopes,Steve Garcia Jr.,LeoVegas (SE),"1,54","2,5","64,94","40,0","104,94"
4b4920d2454497566b519a271f9e1e93,2026-06-15 00:30:00,Diego Lopes,Steve Garcia Jr.,Unibet (NL),"1,54","2,5","64,94","40,0","104,94"
4b4920d2454497566b519a271f9e1e93,2026-06-15 00:30:00,Diego Lopes,Steve Garcia Jr.,1xBet,"1,53","2,62","65,36","38,17","103,53"
4b4920d2454497566b519a271f9e1e93,2026-06-15 00:30:00,Diego Lopes,Steve Garcia Jr.,Pinnacle,"1,56","2,52","64,1","39,68","103,78"
4b4920d2454497566b519a271f9e1e93,2026-06-15 00:30:00,Diego Lopes,Steve Garcia Jr.,Nordic Bet,"1,52","2,45","65,79","40,82","106,61"
4b4920d2454497566b519a271f9e1e93,2026-06-15 00:30:00,Diego Lopes,Steve Garcia Jr.,Betsson,"1,52","2,45","65,79","40,82","106,61"
4b4920d2454497566b519a271f9e1e93,2026-06-15 00:30:00,Diego Lopes,Steve Garcia Jr.,888sport,"1,5","2,38","66,67","42,02","108,69"
4b4920d2454497566b519a271f9e1e93,2026-06-15 00:30:00,Diego Lopes,Steve Garcia Jr.,Coolbet,"1,55","2,5","64,52","40,0","104,52"
4b4920d2454497566b519a271f9e1e93,2026-06-15 00:30:00,Diego Lopes,Steve Garcia Jr.,BetAnything,"1,54","2,55","64,94","39,22","104,16"
9cf76c6ecde4824965ca04da644dfefa,2026-06-15 01:00:00,Bo Nickal,Kyle Daukaus,BetOnline.ag,"1,36","3,4","73,53","29,41","102,94"
9cf76c6ecde4824965ca04da644dfefa,2026-06-15 01:00:00,Bo Nickal,Kyle Daukaus,Unibet (SE),"1,3","3,5","76,92","28,57","105,49"
9cf76c6ecde4824965ca04da644dfefa,2026-06-15 01:00:00,Bo Nickal,Kyle Daukaus,LeoVegas (SE),"1,3","3,5","76,92","28,57","105,49"
9cf76c6ecde4824965ca04da644dfefa,2026-06-15 01:00:00,Bo Nickal,Kyle Daukaus,Unibet (NL),"1,3","3,5","76,92","28,57","105,49"
9cf76c6ecde4824965ca04da644dfefa,2026-06-15 01:00:00,Bo Nickal,Kyle Daukaus,1xBet,"1,29","3,83","77,52","26,11","103,63"
9cf76c6ecde4824965ca04da644dfefa,2026-06-15 01:00:00,Bo Nickal,Kyle Daukaus,Pinnacle,"1,31","3,65","76,34","27,4","103,74"
9cf76c6ecde4824965ca04da644dfefa,2026-06-15 01:00:00,Bo Nickal,Kyle Daukaus,Betsson,"1,31","3,3","76,34","30,3","106,64"
9cf76c6ecde4824965ca04da644dfefa,2026-06-15 01:00:00,Bo Nickal,Kyle Daukaus,Nordic Bet,"1,31","3,3","76,34","30,3","106,64"
9cf76c6ecde4824965ca04da644dfefa,2026-06-15 01:00:00,Bo Nickal,Kyle Daukaus,Coolbet,"1,33","3,47","75,19","28,82","104,01"
9cf76c6ecde4824965ca04da644dfefa,2026-06-15 01:00:00,Bo Nickal,Kyle Daukaus,BetAnything,"1,32","3,4","75,76","29,41","105,17"
54eb45b661945af7aa7da285a12e835c,2026-06-15 01:30:00,Mauricio Ruffy,Michael Chandler,BetOnline.ag,"1,17","5,5","85,47","18,18","103,65"
54eb45b661945af7aa7da285a12e835c,2026-06-15 01:30:00,Mauricio Ruffy,Michael Chandler,Unibet (SE),"1,17","5,2","85,47","19,23","104,7"
54eb45b661945af7aa7da285a12e835c,2026-06-15 01:30:00,Mauricio Ruffy,Michael Chandler,LeoVegas (SE),"1,17","5,2","85,47","19,23","104,7"
54eb45b661945af7aa7da285a12e835c,2026-06-15 01:30:00,Mauricio Ruffy,Michael Chandler,Unibet (NL),"1,17","5,2","85,47","19,23","104,7"
54eb45b661945af7aa7da285a12e835c,2026-06-15 01:30:00,Mauricio Ruffy,Michael Chandler,1xBet,"1,17","5,45","85,47","18,35","103,82"
54eb45b661945af7aa7da285a12e835c,2026-06-15 01:30:00,Mauricio Ruffy,Michael Chandler,Pinnacle,"1,16","5,67","86,21","17,64","103,85"
54eb45b661945af7aa7da285a12e835c,2026-06-15 01:30:00,Mauricio Ruffy,Michael Chandler,Coolbet,"1,16","5,55","86,21","18,02","104,23"
54eb45b661945af7aa7da285a12e835c,2026-06-15 01:30:00,Mauricio Ruffy,Michael Chandler,BetAnything,"1,17","4,7","85,47","21,28","106,75"
20d0d02349fe04d63631b1e3f1879fa3,2026-06-15 02:00:00,Sean O'Malley,Aiemann Zahabi,BetOnline.ag,"4,45","1,24","22,47","80,65","103,12"
20d0d02349fe04d63631b1e3f1879fa3,2026-06-15 02:00:00,Sean O'Malley,Aiemann Zahabi,Unibet (SE),"4,1","1,24","24,39","80,65","105,04"
20d0d02349fe04d63631b1e3f1879fa3,2026-06-15 02:00:00,Sean O'Malley,Aiemann Zahabi,Unibet (NL),"4,1","1,24","24,39","80,65","105,04"
20d0d02349fe04d63631b1e3f1879fa3,2026-06-15 02:00:00,Sean O'Malley,Aiemann Zahabi,LeoVegas (SE),"4,1","1,24","24,39","80,65","105,04"
20d0d02349fe04d63631b1e3f1879fa3,2026-06-15 02:00:00,Sean O'Malley,Aiemann Zahabi,1xBet,"4,25","1,25","23,53","80,0","103,53"
20d0d02349fe04d63631b1e3f1879fa3,2026-06-15 02:00:00,Sean O'Malley,Aiemann Zahabi,Pinnacle,"4,07","1,26","24,57","79,37","103,94"
20d0d02349fe04d63631b1e3f1879fa3,2026-06-15 02:00:00,Sean O'Malley,Aiemann Zahabi,Marathon Bet,"4,1","1,22","24,39","81,97","106,36"
20d0d02349fe04d63631b1e3f1879fa3,2026-06-15 02:00:00,Sean O'Malley,Aiemann Zahabi,888sport,"3,75","1,22","26,67","81,97","108,64"
20d0d02349fe04d63631b1e3f1879fa3,2026-06-15 02:00:00,Sean O'Malley,Aiemann Zahabi,Coolbet,"4,07","1,26","24,57","79,37","103,94"
20d0d02349fe04d63631b1e3f1879fa3,2026-06-15 02:00:00,Sean O'Malley,Aiemann Zahabi,BetAnything,"3,65","1,25","27,4","80,0","107,4"
1e972b73d422aa4cadb9185ca87c3c93,2026-06-15 02:30:00,Alex Pereira,Ciryl Gane,Unibet (NL),"1,89","1,89","52,91","52,91","105,82"
1e972b73d422aa4cadb9185ca87c3c93,2026-06-15 02:30:00,Alex Pereira,Ciryl Gane,LeoVegas (SE),"1,89","1,89","52,91","52,91","105,82"
1e972b73d422aa4cadb9185ca87c3c93,2026-06-15 02:30:00,Alex Pereira,Ciryl Gane,Unibet (SE),"1,89","1,89","52,91","52,91","105,82"
1e972b73d422aa4cadb9185ca87c3c93,2026-06-15 02:30:00,Alex Pereira,Ciryl Gane,BetOnline.ag,"1,91","1,91","52,36","52,36","104,72"
1e972b73d422aa4cadb9185ca87c3c93,2026-06-15 02:30:00,Alex Pereira,Ciryl Gane,1xBet,"1,95","1,91","51,28","52,36","103,64"
1e972b73d422aa4cadb9185ca87c3c93,2026-06-15 02:30:00,Alex Pereira,Ciryl Gane,Pinnacle,"1,98","1,88","50,51","53,19","103,7"
1e972b73d422aa4cadb9185ca87c3c93,2026-06-15 02:30:00,Alex Pereira,Ciryl Gane,Marathon Bet,"1,9","1,86","52,63","53,76","106,39"
1e972b73d422aa4cadb9185ca87c3c93,2026-06-15 02:30:00,Alex Pereira,Ciryl Gane,Coolbet,"1,94","1,91","51,55","52,36","103,91"
1e972b73d422aa4cadb9185ca87c3c93,2026-06-15 02:30:00,Alex Pereira,Ciryl Gane,BetAnything,"1,8","1,95","55,56","51,28","106,84"
e34a17d5cf2a82a5161a54631e06770c,2026-06-15 03:00:00,Ilia Topuria,Justin Gaethje,BetOnline.ag,"1,12","6,5","89,29","15,38","104,67"
e34a17d5cf2a82a5161a54631e06770c,2026-06-15 03:00:00,Ilia Topuria,Justin Gaethje,Pinnacle,"1,17","5,5","85,47","18,18","103,65"
e34a17d5cf2a82a5161a54631e06770c,2026-06-15 03:00:00,Ilia Topuria,Justin Gaethje,1xBet,"1,19","5,14","84,03","19,46","103,49"
e34a17d5cf2a82a5161a54631e06770c,2026-06-15 03:00:00,Ilia Topuria,Justin Gaethje,Marathon Bet,"1,16","4,95","86,21","20,2","106,41"
e34a17d5cf2a82a5161a54631e06770c,2026-06-15 03:00:00,Ilia Topuria,Justin Gaethje,888sport,"1,12","5,5","89,29","18,18","107,47"
e34a17d5cf2a82a5161a54631e06770c,2026-06-15 03:00:00,Ilia Topuria,Justin Gaethje,Coolbet,"1,17","5,35","85,47","18,69","104,16"
e34a17d5cf2a82a5161a54631e06770c,2026-06-15 03:00:00,Ilia Topuria,Justin Gaethje,BetAnything,"1,12","5,5","89,29","18,18","107,47"
e34a17d5cf2a82a5161a54631e06770c,2026-06-15 03:00:00,Ilia Topuria,Justin Gaethje,Unibet (SE),"1,13","6,25","88,5","16,0","104,5"
e34a17d5cf2a82a5161a54631e06770c,2026-06-15 03:00:00,Ilia Topuria,Justin Gaethje,Unibet (NL),"1,13","6,25","88,5","16,0","104,5"
e34a17d5cf2a82a5161a54631e06770c,2026-06-15 03:00:00,Ilia Topuria,Justin Gaethje,LeoVegas (SE),"1,13","6,25","88,5","16,0","104,5"
891965c02d665af81f9308428b8f33e7,2026-06-27 14:00:00,Valentina Shevchenko,Natalia Silva,BetOnline.ag,"3,1","1,4","32,26","71,43","103,69"
ee37a39c1d8a992a65c6ff399fa48c63,2026-06-28 02:00:00,Alexandre Pantoja,Joshua Van,BetOnline.ag,"1,56","2,55","64,1","39,22","103,32"
1ca0b61248b7eb5feef12a04661003e0,2026-06-28 02:00:00,Tom Aspinall,Ciryl Gane,BetOnline.ag,"2,75","1,49","36,36","67,11","103,47"
702055a9e35d07bddba5fd446eef719c,2026-06-28 02:00:00,Islam Makhachev,Michael Morales,BetOnline.ag,"1,32","3,65","75,76","27,4","103,16"
ee6203b3168fb34a63a60ad51dd01050,2026-06-28 02:00:00,Weili Zhang,Mackenzie Dern,BetOnline.ag,"4,5","1,22","22,22","81,97","104,19"
05b3dc3515568962c8e7351c06ff69c0,2026-06-28 02:00:00,Merab Dvalishvili,Petr Yan,BetOnline.ag,"2,5","1,57","40,0","63,69","103,69"
f09d8755975042bcd105a5ab258253ff,2026-08-02 03:10:00,Ilia Topuria,Arman Tsarukyan,BetOnline.ag,"2,65","1,53","37,74","65,36","103,1"
944dd8a4945ba0df2c4370de73387c5d,2026-12-31 17:00:00,Conor McGregor,Jorge Masvidal,BetOnline.ag,"1,69","2,25","59,17","44,44","103,61"
fa2d7e022c2c47e0855f04084d08f163,2026-12-31 20:00:00,Tom Aspinall,Ciryl Gane,1xBet,"2,35","1,64","42,55","60,98","103,53"
fcee675894f8285afc8daf0808198b74,2027-07-02 02:00:00,Islam Makhachev,Kamaru Usman,BetOnline.ag,"1,3","3,7","76,92","27,03","103,95"
